iteration,node_order,steps
0,"[0, 1, 2, 3, 4]",1575
1,"[3, 4, 2, 1, 0]",880
2,"[1, 2, 4, 0, 3]",299
3,"[3, 4, 1, 0, 2]",283
4,"[3, 1, 4, 0, 2]",226
5,"[1, 4, 2, 3, 0]",1425
6,"[2, 3, 4, 1, 0]",752
7,"[4, 0, 3, 1, 2]",1290
8,"[4, 2, 3, 1, 0]",996
9,"[1, 4, 0, 2, 3]",595
10,"[4, 3, 2, 0, 1]",779
11,"[0, 3, 2, 1, 4]",219
12,"[2, 4, 3, 0, 1]",851
13,"[3, 0, 2, 4, 1]",367
14,"[0, 4, 2, 1, 3]",390
15,"[1, 2, 3, 4, 0]",463
16,"[1, 2, 4, 0, 3]",333
17,"[0, 3, 4, 1, 2]",1830
18,"[1, 0, 3, 4, 2]",553
19,"[4, 2, 0, 3, 1]",1417
20,"[1, 0, 4, 3, 2]",1916
21,"[2, 0, 4, 3, 1]",1108
22,"[0, 1, 3, 2, 4]",603
23,"[4, 0, 3, 1, 2]",1062
24,"[1, 0, 4, 3, 2]",940
25,"[4, 2, 1, 0, 3]",498
26,"[4, 0, 2, 3, 1]",1286
27,"[4, 3, 1, 0, 2]",1452
28,"[4, 1, 2, 0, 3]",295
29,"[1, 2, 4, 0, 3]",1040
30,"[1, 2, 0, 4, 3]",1155
31,"[2, 4, 0, 1, 3]",1622
32,"[0, 2, 1, 4, 3]",2465
33,"[0, 4, 3, 2, 1]",1373
34,"[1, 3, 0, 2, 4]",1185
35,"[2, 1, 4, 3, 0]",1029
36,"[3, 4, 0, 1, 2]",5419
37,"[1, 2, 0, 3, 4]",881
38,"[1, 2, 0, 4, 3]",208
39,"[1, 3, 2, 4, 0]",434
40,"[2, 4, 0, 3, 1]",383
41,"[4, 0, 2, 1, 3]",168
42,"[4, 1, 3, 0, 2]",1317
43,"[4, 3, 2, 0, 1]",716
44,"[4, 2, 1, 3, 0]",337
45,"[4, 3, 1, 0, 2]",574
46,"[0, 4, 2, 3, 1]",1614
47,"[2, 3, 0, 4, 1]",810
48,"[0, 2, 4, 1, 3]",1251
49,"[0, 2, 4, 1, 3]",419
50,"[3, 2, 1, 0, 4]",198
51,"[3, 2, 4, 1, 0]",359
52,"[0, 4, 2, 3, 1]",2806
53,"[1, 4, 2, 0, 3]",772
54,"[4, 2, 3, 1, 0]",1308
55,"[1, 4, 3, 0, 2]",2565
56,"[4, 2, 3, 1, 0]",146
57,"[3, 2, 0, 1, 4]",1997
58,"[4, 0, 2, 1, 3]",812
59,"[4, 1, 3, 2, 0]",882
60,"[1, 2, 0, 4, 3]",914
61,"[4, 1, 3, 0, 2]",722
62,"[1, 4, 2, 3, 0]",1446
63,"[4, 1, 2, 3, 0]",1220
64,"[2, 0, 1, 4, 3]",307
65,"[1, 4, 2, 0, 3]",1019
66,"[2, 3, 0, 4, 1]",479
67,"[4, 2, 1, 0, 3]",1492
68,"[1, 4, 0, 3, 2]",2685
69,"[2, 4, 1, 0, 3]",1040
70,"[3, 1, 2, 0, 4]",2283
71,"[4, 3, 2, 1, 0]",1920
72,"[4, 3, 1, 0, 2]",1319
73,"[2, 0, 1, 4, 3]",505
74,"[1, 3, 0, 2, 4]",1082
75,"[1, 2, 3, 0, 4]",2195
76,"[4, 1, 2, 0, 3]",1744
77,"[3, 4, 0, 2, 1]",1848
78,"[4, 2, 1, 3, 0]",2070
79,"[3, 4, 1, 0, 2]",1171
80,"[1, 3, 4, 2, 0]",239
81,"[2, 4, 1, 0, 3]",1920
82,"[0, 3, 1, 2, 4]",917
83,"[3, 1, 4, 0, 2]",294
84,"[0, 1, 2, 3, 4]",597
85,"[3, 2, 1, 4, 0]",1785
86,"[0, 1, 3, 4, 2]",340
87,"[0, 3, 1, 2, 4]",408
88,"[3, 2, 0, 1, 4]",1696
89,"[0, 4, 3, 2, 1]",201
90,"[4, 3, 2, 1, 0]",327
91,"[1, 0, 4, 2, 3]",1281
92,"[4, 3, 1, 0, 2]",1521
93,"[3, 0, 1, 4, 2]",1369
94,"[3, 4, 2, 1, 0]",300
95,"[2, 3, 0, 4, 1]",389
96,"[2, 0, 1, 4, 3]",68
97,"[1, 0, 2, 4, 3]",1033
98,"[3, 2, 4, 0, 1]",2602
99,"[3, 1, 2, 0, 4]",2106
100,"[3, 1, 2, 4, 0]",997
101,"[1, 2, 4, 0, 3]",340
102,"[1, 2, 3, 0, 4]",1486
103,"[2, 0, 1, 4, 3]",571
104,"[4, 2, 1, 3, 0]",1328
105,"[2, 1, 0, 4, 3]",351
106,"[4, 3, 0, 1, 2]",1234
107,"[4, 0, 3, 1, 2]",334
108,"[0, 1, 4, 2, 3]",938
109,"[4, 0, 2, 3, 1]",1604
110,"[2, 1, 3, 4, 0]",2419
111,"[0, 4, 1, 3, 2]",487
112,"[4, 3, 0, 1, 2]",2252
113,"[0, 3, 4, 1, 2]",1110
114,"[2, 4, 3, 0, 1]",572
115,"[0, 4, 1, 2, 3]",2488
116,"[3, 4, 2, 1, 0]",368
117,"[1, 3, 0, 2, 4]",740
118,"[2, 4, 3, 1, 0]",484
119,"[4, 2, 0, 1, 3]",197
120,"[3, 2, 1, 0, 4]",1082
121,"[1, 2, 0, 4, 3]",3867
122,"[1, 2, 3, 0, 4]",510
123,"[4, 1, 2, 3, 0]",246
124,"[2, 3, 1, 0, 4]",958
125,"[2, 4, 1, 3, 0]",240
126,"[3, 2, 1, 4, 0]",2237
127,"[2, 0, 1, 4, 3]",272
128,"[0, 4, 1, 2, 3]",2062
129,"[0, 1, 3, 2, 4]",768
130,"[1, 2, 4, 3, 0]",3176
131,"[2, 3, 0, 4, 1]",2713
132,"[1, 3, 4, 2, 0]",852
133,"[3, 2, 4, 1, 0]",1018
134,"[0, 1, 3, 2, 4]",358
135,"[1, 2, 0, 4, 3]",929
136,"[3, 0, 4, 2, 1]",984
137,"[4, 2, 1, 3, 0]",689
138,"[4, 0, 3, 2, 1]",437
139,"[1, 4, 3, 0, 2]",1450
140,"[3, 1, 4, 0, 2]",3444
141,"[0, 4, 2, 1, 3]",912
142,"[3, 4, 1, 0, 2]",1083
143,"[0, 1, 4, 3, 2]",435
144,"[3, 4, 2, 1, 0]",1633
145,"[3, 1, 2, 4, 0]",661
146,"[0, 4, 3, 1, 2]",834
147,"[3, 1, 0, 2, 4]",1675
148,"[2, 1, 3, 0, 4]",614
149,"[0, 2, 4, 1, 3]",1310
150,"[1, 3, 2, 4, 0]",599
151,"[0, 2, 1, 3, 4]",2611
152,"[2, 3, 0, 1, 4]",393
153,"[3, 0, 2, 1, 4]",1030
154,"[4, 2, 1, 3, 0]",3711
155,"[1, 2, 4, 0, 3]",2262
156,"[3, 1, 4, 2, 0]",2052
157,"[4, 2, 0, 3, 1]",1146
158,"[3, 4, 1, 0, 2]",1191
159,"[3, 4, 2, 0, 1]",315
160,"[1, 4, 2, 3, 0]",278
161,"[2, 0, 3, 4, 1]",1874
162,"[3, 2, 0, 4, 1]",2527
163,"[1, 0, 3, 4, 2]",632
164,"[0, 3, 4, 1, 2]",1882
165,"[3, 4, 2, 1, 0]",1126
166,"[3, 2, 1, 0, 4]",222
167,"[1, 3, 2, 0, 4]",996
168,"[3, 4, 1, 0, 2]",305
169,"[0, 4, 3, 1, 2]",238
170,"[3, 2, 4, 0, 1]",2092
171,"[4, 2, 3, 1, 0]",1840
172,"[2, 4, 3, 1, 0]",1650
173,"[2, 1, 4, 0, 3]",1626
174,"[3, 4, 2, 0, 1]",555
175,"[0, 2, 3, 4, 1]",1404
176,"[1, 3, 4, 2, 0]",480
177,"[0, 1, 4, 2, 3]",673
178,"[3, 0, 4, 2, 1]",116
179,"[3, 2, 0, 1, 4]",1629
180,"[3, 1, 4, 0, 2]",1238
181,"[3, 4, 2, 1, 0]",704
182,"[2, 3, 1, 0, 4]",418
183,"[0, 2, 1, 4, 3]",236
184,"[2, 3, 4, 0, 1]",968
185,"[1, 4, 2, 0, 3]",368
186,"[1, 4, 2, 3, 0]",463
187,"[4, 3, 0, 2, 1]",522
188,"[0, 2, 4, 3, 1]",675
189,"[3, 4, 1, 0, 2]",672
190,"[1, 3, 2, 0, 4]",178
191,"[2, 0, 1, 4, 3]",1282
192,"[3, 4, 2, 1, 0]",4338
193,"[3, 1, 2, 0, 4]",979
194,"[4, 0, 2, 1, 3]",119
195,"[0, 2, 1, 4, 3]",2957
196,"[1, 3, 0, 2, 4]",283
197,"[0, 1, 4, 3, 2]",1988
198,"[4, 0, 3, 2, 1]",557
199,"[3, 4, 1, 0, 2]",3074
200,"[4, 0, 3, 2, 1]",975
201,"[3, 0, 4, 1, 2]",207
202,"[1, 0, 2, 4, 3]",219
203,"[2, 1, 0, 3, 4]",1321
204,"[4, 3, 2, 1, 0]",2576
205,"[2, 1, 3, 0, 4]",405
206,"[3, 1, 0, 4, 2]",1703
207,"[0, 4, 3, 2, 1]",782
208,"[4, 3, 1, 0, 2]",858
209,"[1, 4, 3, 2, 0]",176
210,"[2, 0, 3, 1, 4]",1211
211,"[0, 1, 4, 3, 2]",768
212,"[0, 3, 1, 2, 4]",221
213,"[3, 1, 2, 0, 4]",732
214,"[1, 2, 3, 0, 4]",121
215,"[1, 3, 0, 2, 4]",1794
216,"[1, 3, 0, 2, 4]",256
217,"[4, 3, 0, 2, 1]",1714
218,"[4, 1, 2, 0, 3]",129
219,"[0, 1, 3, 4, 2]",885
220,"[0, 2, 4, 1, 3]",1482
221,"[3, 1, 0, 2, 4]",416
222,"[4, 1, 2, 3, 0]",703
223,"[0, 3, 1, 4, 2]",267
224,"[3, 1, 2, 0, 4]",1410
225,"[3, 2, 1, 4, 0]",491
226,"[3, 2, 4, 1, 0]",488
227,"[2, 4, 1, 3, 0]",851
228,"[1, 0, 4, 2, 3]",122
229,"[2, 3, 1, 4, 0]",208
230,"[0, 4, 2, 3, 1]",6129
231,"[3, 0, 2, 4, 1]",4484
232,"[1, 4, 2, 0, 3]",742
233,"[4, 0, 2, 1, 3]",1161
234,"[3, 1, 2, 0, 4]",252
235,"[3, 4, 1, 0, 2]",294
236,"[3, 4, 0, 1, 2]",3351
237,"[0, 4, 2, 1, 3]",3248
238,"[0, 4, 1, 2, 3]",2244
239,"[2, 3, 4, 0, 1]",534
240,"[4, 3, 1, 2, 0]",977
241,"[1, 3, 0, 2, 4]",518
242,"[0, 4, 2, 1, 3]",1837
243,"[1, 3, 2, 4, 0]",636
244,"[0, 1, 4, 2, 3]",149
245,"[4, 3, 2, 0, 1]",176
246,"[4, 1, 3, 0, 2]",1199
247,"[1, 2, 3, 0, 4]",305
248,"[3, 4, 0, 2, 1]",1136
249,"[0, 3, 2, 4, 1]",179
250,"[4, 3, 2, 0, 1]",1271
251,"[4, 1, 2, 3, 0]",1880
252,"[2, 3, 4, 1, 0]",1585
253,"[0, 4, 1, 2, 3]",580
254,"[4, 3, 1, 2, 0]",1786
255,"[4, 0, 1, 3, 2]",600
256,"[3, 2, 0, 1, 4]",729
257,"[1, 3, 4, 0, 2]",207
258,"[1, 2, 4, 0, 3]",1070
259,"[3, 0, 2, 4, 1]",292
260,"[4, 2, 3, 0, 1]",1772
261,"[0, 4, 2, 1, 3]",3323
262,"[3, 2, 0, 4, 1]",579
263,"[4, 2, 1, 3, 0]",1564
264,"[3, 4, 2, 1, 0]",830
265,"[0, 4, 2, 3, 1]",1824
266,"[1, 0, 2, 3, 4]",279
267,"[2, 1, 3, 4, 0]",3120
268,"[0, 4, 3, 1, 2]",1481
269,"[0, 1, 4, 2, 3]",901
270,"[4, 1, 2, 3, 0]",564
271,"[2, 0, 4, 3, 1]",367
272,"[1, 2, 3, 0, 4]",1902
273,"[0, 1, 4, 2, 3]",415
274,"[4, 0, 1, 3, 2]",380
275,"[0, 2, 4, 3, 1]",1075
276,"[4, 1, 3, 2, 0]",402
277,"[3, 1, 2, 4, 0]",2223
278,"[0, 3, 2, 4, 1]",1454
279,"[0, 1, 3, 4, 2]",304
280,"[2, 3, 4, 0, 1]",1565
281,"[0, 2, 4, 1, 3]",3123
282,"[4, 1, 2, 3, 0]",761
283,"[4, 1, 2, 3, 0]",2408
284,"[0, 1, 4, 2, 3]",4905
285,"[3, 0, 4, 2, 1]",405
286,"[2, 1, 3, 4, 0]",406
287,"[1, 2, 0, 4, 3]",306
288,"[1, 0, 4, 3, 2]",1117
289,"[0, 1, 3, 2, 4]",106
290,"[0, 2, 4, 1, 3]",316
291,"[4, 2, 3, 1, 0]",739
292,"[2, 1, 3, 0, 4]",833
293,"[2, 0, 3, 4, 1]",1386
294,"[1, 4, 3, 0, 2]",1778
295,"[4, 1, 3, 2, 0]",1476
296,"[0, 3, 4, 2, 1]",422
297,"[3, 4, 1, 2, 0]",1255
298,"[3, 4, 0, 2, 1]",386
299,"[0, 1, 3, 2, 4]",402
300,"[0, 1, 3, 4, 2]",3537
301,"[0, 2, 1, 4, 3]",1698
302,"[0, 1, 4, 2, 3]",3961
303,"[3, 1, 2, 0, 4]",217
304,"[0, 3, 2, 1, 4]",191
305,"[3, 2, 0, 1, 4]",474
306,"[4, 0, 3, 2, 1]",871
307,"[0, 2, 1, 4, 3]",1620
308,"[2, 1, 0, 3, 4]",167
309,"[0, 2, 1, 3, 4]",268
310,"[1, 3, 0, 4, 2]",7668
311,"[3, 0, 1, 2, 4]",176
312,"[1, 3, 4, 0, 2]",423
313,"[2, 3, 4, 1, 0]",932
314,"[1, 0, 2, 4, 3]",110
315,"[0, 4, 2, 1, 3]",420
316,"[0, 2, 1, 4, 3]",3117
317,"[2, 4, 0, 1, 3]",1400
318,"[3, 0, 2, 4, 1]",1242
319,"[1, 2, 4, 3, 0]",751
320,"[1, 4, 0, 2, 3]",419
321,"[4, 2, 0, 3, 1]",209
322,"[2, 4, 0, 3, 1]",653
323,"[4, 2, 1, 0, 3]",611
324,"[2, 3, 0, 1, 4]",1123
325,"[2, 0, 1, 3, 4]",914
326,"[4, 2, 3, 1, 0]",2886
327,"[3, 0, 1, 4, 2]",784
328,"[2, 3, 0, 1, 4]",2234
329,"[4, 2, 0, 3, 1]",287
330,"[4, 0, 2, 1, 3]",754
331,"[2, 0, 4, 1, 3]",799
332,"[0, 2, 4, 3, 1]",1743
333,"[0, 3, 1, 4, 2]",963
334,"[1, 3, 4, 2, 0]",2010
335,"[1, 4, 2, 3, 0]",871
336,"[0, 3, 2, 1, 4]",2517
337,"[3, 0, 4, 1, 2]",3569
338,"[3, 1, 0, 2, 4]",1074
339,"[1, 2, 0, 3, 4]",425
340,"[2, 4, 3, 0, 1]",832
341,"[3, 0, 1, 2, 4]",1380
342,"[0, 2, 3, 4, 1]",2008
343,"[2, 0, 4, 1, 3]",702
344,"[0, 2, 4, 1, 3]",1330
345,"[2, 4, 3, 1, 0]",423
346,"[4, 3, 1, 0, 2]",414
347,"[2, 0, 3, 4, 1]",821
348,"[1, 2, 4, 0, 3]",674
349,"[4, 1, 0, 3, 2]",1994
350,"[4, 3, 2, 0, 1]",371
351,"[1, 2, 3, 0, 4]",415
352,"[0, 1, 4, 2, 3]",580
353,"[0, 4, 2, 1, 3]",2405
354,"[0, 2, 4, 1, 3]",1258
355,"[2, 4, 1, 0, 3]",1273
356,"[0, 1, 2, 3, 4]",2867
357,"[0, 3, 4, 2, 1]",1006
358,"[3, 4, 1, 2, 0]",1073
359,"[4, 0, 2, 3, 1]",203
360,"[0, 3, 1, 4, 2]",1063
361,"[2, 4, 3, 0, 1]",1318
362,"[4, 1, 2, 3, 0]",668
363,"[1, 4, 3, 2, 0]",1647
364,"[4, 1, 0, 2, 3]",3558
365,"[2, 4, 1, 0, 3]",1325
366,"[0, 2, 3, 1, 4]",590
367,"[1, 3, 4, 2, 0]",1991
368,"[2, 0, 3, 4, 1]",475
369,"[1, 0, 4, 2, 3]",486
370,"[1, 0, 4, 2, 3]",1510
371,"[0, 4, 1, 2, 3]",442
372,"[3, 1, 0, 4, 2]",225
373,"[2, 1, 4, 0, 3]",423
374,"[4, 0, 3, 1, 2]",533
375,"[2, 1, 0, 4, 3]",1371
376,"[1, 2, 0, 3, 4]",531
377,"[3, 4, 2, 1, 0]",249
378,"[0, 1, 3, 4, 2]",3025
379,"[2, 0, 3, 1, 4]",107
380,"[1, 4, 0, 3, 2]",1274
381,"[2, 1, 4, 3, 0]",1720
382,"[2, 0, 3, 4, 1]",259
383,"[2, 3, 1, 4, 0]",1593
384,"[3, 0, 2, 1, 4]",714
385,"[4, 2, 1, 3, 0]",586
386,"[3, 2, 4, 0, 1]",872
387,"[3, 0, 4, 1, 2]",617
388,"[1, 2, 4, 0, 3]",1173
389,"[2, 1, 0, 3, 4]",1109
390,"[0, 2, 3, 4, 1]",123
391,"[0, 3, 4, 2, 1]",633
392,"[3, 0, 1, 2, 4]",507
393,"[2, 0, 3, 1, 4]",2522
394,"[1, 0, 2, 4, 3]",261
395,"[1, 4, 2, 0, 3]",1996
396,"[2, 3, 0, 1, 4]",1473
397,"[2, 1, 0, 3, 4]",1316
398,"[1, 4, 2, 0, 3]",2557
399,"[4, 3, 0, 1, 2]",2387
400,"[3, 0, 1, 4, 2]",108
401,"[2, 4, 0, 1, 3]",593
402,"[4, 0, 2, 1, 3]",750
403,"[1, 3, 2, 0, 4]",1447
404,"[3, 0, 1, 2, 4]",3081
405,"[0, 4, 1, 3, 2]",1375
406,"[3, 2, 1, 4, 0]",1277
407,"[0, 1, 4, 2, 3]",406
408,"[3, 2, 1, 0, 4]",865
409,"[0, 3, 2, 4, 1]",1479
410,"[0, 4, 3, 2, 1]",297
411,"[3, 4, 0, 1, 2]",817
412,"[2, 1, 3, 4, 0]",147
413,"[2, 4, 3, 1, 0]",1333
414,"[2, 4, 3, 1, 0]",2613
415,"[1, 0, 4, 2, 3]",1068
416,"[2, 0, 4, 1, 3]",2867
417,"[4, 0, 1, 2, 3]",1328
418,"[1, 2, 3, 4, 0]",704
419,"[4, 1, 3, 2, 0]",589
420,"[3, 2, 0, 4, 1]",529
421,"[4, 0, 3, 1, 2]",290
422,"[4, 2, 1, 3, 0]",4024
423,"[4, 3, 2, 0, 1]",227
424,"[4, 0, 2, 3, 1]",1206
425,"[0, 4, 2, 1, 3]",2150
426,"[4, 3, 1, 2, 0]",181
427,"[4, 2, 3, 0, 1]",462
428,"[4, 1, 3, 0, 2]",2706
429,"[3, 1, 2, 4, 0]",1833
430,"[0, 4, 1, 2, 3]",272
431,"[0, 3, 4, 2, 1]",1467
432,"[0, 4, 1, 3, 2]",2416
433,"[4, 1, 2, 0, 3]",699
434,"[2, 4, 1, 3, 0]",179
435,"[0, 1, 3, 2, 4]",364
436,"[4, 0, 2, 1, 3]",1363
437,"[2, 0, 3, 4, 1]",199
438,"[1, 3, 4, 2, 0]",1269
439,"[2, 0, 1, 3, 4]",241
440,"[4, 3, 0, 1, 2]",516
441,"[4, 2, 1, 3, 0]",1048
442,"[2, 4, 3, 0, 1]",445
443,"[0, 3, 1, 4, 2]",390
444,"[3, 4, 0, 2, 1]",816
445,"[3, 0, 2, 4, 1]",856
446,"[4, 0, 3, 1, 2]",84
447,"[3, 0, 2, 1, 4]",253
448,"[4, 2, 3, 0, 1]",2871
449,"[3, 4, 0, 2, 1]",1190
450,"[0, 3, 1, 2, 4]",982
451,"[4, 3, 0, 2, 1]",2540
452,"[2, 0, 1, 4, 3]",143
453,"[4, 1, 3, 0, 2]",1233
454,"[2, 0, 3, 4, 1]",1176
455,"[2, 0, 1, 4, 3]",830
456,"[3, 0, 4, 1, 2]",1565
457,"[1, 2, 4, 3, 0]",1845
458,"[1, 2, 4, 3, 0]",496
459,"[3, 0, 2, 4, 1]",1157
460,"[4, 2, 3, 0, 1]",3590
461,"[1, 0, 2, 3, 4]",396
462,"[3, 1, 0, 2, 4]",136
463,"[1, 4, 2, 0, 3]",923
464,"[4, 3, 1, 0, 2]",274
465,"[0, 3, 1, 2, 4]",917
466,"[4, 1, 2, 3, 0]",2317
467,"[3, 2, 4, 1, 0]",234
468,"[0, 2, 1, 4, 3]",510
469,"[2, 3, 4, 1, 0]",218
470,"[4, 3, 1, 2, 0]",1344
471,"[0, 3, 4, 2, 1]",1513
472,"[0, 3, 4, 2, 1]",224
473,"[2, 4, 3, 0, 1]",372
474,"[4, 3, 0, 1, 2]",1117
475,"[1, 2, 0, 3, 4]",1769
476,"[2, 0, 1, 3, 4]",429
477,"[1, 3, 0, 2, 4]",412
478,"[1, 0, 4, 2, 3]",421
479,"[1, 4, 2, 0, 3]",570
480,"[4, 0, 3, 1, 2]",1669
481,"[1, 4, 3, 2, 0]",556
482,"[3, 2, 4, 1, 0]",2698
483,"[0, 3, 4, 1, 2]",833
484,"[1, 3, 0, 4, 2]",809
485,"[2, 4, 0, 3, 1]",1362
486,"[3, 4, 0, 2, 1]",1127
487,"[0, 2, 4, 1, 3]",1346
488,"[4, 1, 2, 3, 0]",918
489,"[0, 3, 1, 4, 2]",4328
490,"[0, 1, 4, 2, 3]",698
491,"[4, 3, 1, 0, 2]",599
492,"[0, 3, 4, 1, 2]",903
493,"[4, 2, 3, 0, 1]",2899
494,"[3, 2, 1, 4, 0]",927
495,"[1, 2, 0, 3, 4]",1893
496,"[3, 2, 1, 4, 0]",543
497,"[4, 3, 1, 0, 2]",850
498,"[1, 0, 4, 3, 2]",536
499,"[1, 4, 2, 0, 3]",135
500,"[0, 3, 1, 2, 4]",4618
501,"[0, 4, 3, 1, 2]",1651
502,"[4, 0, 2, 3, 1]",772
503,"[2, 0, 3, 1, 4]",317
504,"[1, 0, 3, 2, 4]",215
505,"[0, 1, 3, 2, 4]",523
506,"[2, 3, 0, 4, 1]",1739
507,"[4, 3, 2, 1, 0]",4493
508,"[0, 3, 2, 4, 1]",603
509,"[1, 0, 3, 4, 2]",384
510,"[3, 4, 1, 0, 2]",252
511,"[2, 3, 4, 1, 0]",248
512,"[3, 1, 0, 4, 2]",804
513,"[1, 2, 4, 0, 3]",738
514,"[4, 1, 0, 2, 3]",979
515,"[1, 4, 0, 3, 2]",812
516,"[0, 4, 3, 2, 1]",1527
517,"[3, 1, 4, 0, 2]",1987
518,"[3, 2, 1, 4, 0]",474
519,"[3, 2, 1, 0, 4]",287
520,"[1, 0, 2, 4, 3]",997
521,"[1, 4, 2, 3, 0]",606
522,"[1, 3, 2, 4, 0]",1059
523,"[1, 3, 2, 4, 0]",1699
524,"[3, 1, 4, 0, 2]",660
525,"[2, 1, 4, 0, 3]",138
526,"[4, 0, 3, 2, 1]",1030
527,"[4, 2, 1, 0, 3]",2805
528,"[3, 0, 1, 4, 2]",408
529,"[0, 3, 1, 2, 4]",271
530,"[4, 0, 2, 1, 3]",711
531,"[1, 0, 2, 3, 4]",630
532,"[3, 0, 4, 2, 1]",1056
533,"[3, 2, 0, 1, 4]",2486
534,"[3, 2, 0, 1, 4]",419
535,"[0, 1, 3, 2, 4]",2065
536,"[3, 4, 1, 0, 2]",458
537,"[1, 3, 2, 0, 4]",526
538,"[0, 1, 2, 4, 3]",2051
539,"[1, 4, 0, 3, 2]",1203
540,"[2, 1, 3, 4, 0]",1119
541,"[4, 0, 3, 2, 1]",843
542,"[3, 1, 2, 0, 4]",226
543,"[0, 4, 3, 1, 2]",118
544,"[0, 2, 3, 1, 4]",1239
545,"[3, 0, 4, 2, 1]",616
546,"[0, 3, 1, 4, 2]",1545
547,"[4, 1, 2, 3, 0]",629
548,"[0, 1, 4, 3, 2]",1287
549,"[4, 0, 3, 2, 1]",2459
550,"[1, 4, 3, 2, 0]",1080
551,"[2, 3, 4, 1, 0]",621
552,"[0, 1, 3, 2, 4]",317
553,"[1, 0, 2, 3, 4]",483
554,"[4, 0, 2, 3, 1]",402
555,"[2, 3, 0, 4, 1]",249
556,"[4, 3, 1, 0, 2]",974
557,"[0, 4, 3, 2, 1]",751
558,"[2, 1, 4, 0, 3]",416
559,"[4, 0, 1, 3, 2]",1324
560,"[4, 3, 1, 2, 0]",1069
561,"[4, 1, 2, 3, 0]",717
562,"[4, 2, 3, 0, 1]",557
563,"[3, 0, 2, 1, 4]",218
564,"[0, 3, 2, 4, 1]",530
565,"[4, 0, 3, 2, 1]",597
566,"[0, 2, 1, 4, 3]",2064
567,"[3, 1, 4, 0, 2]",318
568,"[1, 3, 2, 0, 4]",1387
569,"[2, 1, 0, 4, 3]",757
570,"[3, 1, 2, 4, 0]",421
571,"[2, 1, 0, 3, 4]",8641
572,"[4, 2, 3, 1, 0]",300
573,"[0, 4, 2, 3, 1]",538
574,"[0, 1, 3, 4, 2]",814
575,"[2, 0, 4, 1, 3]",276
576,"[4, 1, 2, 3, 0]",619
577,"[1, 0, 2, 4, 3]",1203
578,"[0, 1, 3, 2, 4]",582
579,"[4, 0, 1, 3, 2]",274
580,"[4, 2, 0, 1, 3]",519
581,"[2, 4, 0, 1, 3]",1210
582,"[2, 3, 0, 1, 4]",358
583,"[1, 4, 0, 2, 3]",1236
584,"[0, 4, 1, 2, 3]",460
585,"[2, 4, 0, 3, 1]",410
586,"[0, 4, 1, 2, 3]",1862
587,"[2, 3, 1, 0, 4]",874
588,"[3, 4, 1, 0, 2]",209
589,"[4, 3, 1, 2, 0]",1099
590,"[3, 4, 2, 1, 0]",262
591,"[0, 2, 4, 3, 1]",2582
592,"[3, 4, 0, 2, 1]",3642
593,"[4, 2, 0, 1, 3]",1938
594,"[1, 2, 0, 3, 4]",624
595,"[3, 1, 2, 4, 0]",3157
596,"[1, 4, 2, 0, 3]",523
597,"[1, 0, 2, 3, 4]",2567
598,"[1, 2, 3, 4, 0]",424
599,"[3, 1, 2, 0, 4]",490
600,"[0, 2, 4, 1, 3]",1938
601,"[4, 2, 3, 0, 1]",498
602,"[2, 1, 0, 4, 3]",651
603,"[4, 2, 0, 3, 1]",836
604,"[4, 3, 2, 1, 0]",3441
605,"[1, 3, 4, 2, 0]",335
606,"[1, 0, 2, 4, 3]",3917
607,"[4, 2, 3, 1, 0]",1360
608,"[3, 1, 4, 0, 2]",607
609,"[3, 0, 1, 2, 4]",1903
610,"[3, 1, 2, 0, 4]",2030
611,"[0, 1, 3, 2, 4]",813
612,"[4, 3, 1, 0, 2]",1425
613,"[0, 2, 3, 1, 4]",1730
614,"[3, 4, 0, 1, 2]",720
615,"[3, 1, 0, 2, 4]",676
616,"[1, 0, 4, 3, 2]",599
617,"[0, 1, 2, 3, 4]",2036
618,"[3, 0, 1, 2, 4]",1384
619,"[3, 0, 4, 2, 1]",614
620,"[2, 1, 4, 0, 3]",165
621,"[3, 2, 0, 4, 1]",838
622,"[0, 4, 1, 3, 2]",4678
623,"[3, 0, 2, 4, 1]",520
624,"[1, 0, 3, 2, 4]",2018
625,"[3, 4, 2, 0, 1]",806
626,"[3, 1, 4, 0, 2]",1907
627,"[2, 4, 1, 0, 3]",620
628,"[4, 3, 2, 0, 1]",626
629,"[0, 4, 2, 1, 3]",1425
630,"[1, 3, 2, 4, 0]",2844
631,"[0, 2, 1, 3, 4]",285
632,"[3, 1, 2, 4, 0]",413
633,"[2, 4, 1, 3, 0]",988
634,"[2, 4, 0, 1, 3]",859
635,"[1, 0, 4, 2, 3]",661
636,"[4, 1, 3, 0, 2]",330
637,"[4, 2, 3, 0, 1]",1916
638,"[2, 0, 3, 1, 4]",970
639,"[0, 1, 3, 2, 4]",4557
640,"[0, 2, 4, 1, 3]",393
641,"[3, 4, 0, 2, 1]",711
642,"[3, 1, 0, 4, 2]",657
643,"[2, 3, 0, 1, 4]",418
644,"[3, 2, 0, 4, 1]",1050
645,"[1, 3, 2, 4, 0]",4491
646,"[1, 4, 3, 2, 0]",825
647,"[2, 3, 4, 1, 0]",298
648,"[1, 4, 3, 2, 0]",1061
649,"[4, 0, 1, 2, 3]",975
650,"[0, 1, 2, 3, 4]",848
651,"[2, 3, 1, 0, 4]",1742
652,"[0, 2, 4, 1, 3]",708
653,"[3, 1, 2, 0, 4]",613
654,"[1, 2, 0, 3, 4]",319
655,"[0, 4, 1, 3, 2]",1141
656,"[0, 4, 2, 3, 1]",1401
657,"[2, 1, 0, 3, 4]",437
658,"[4, 3, 0, 2, 1]",947
659,"[2, 1, 3, 0, 4]",841
660,"[0, 3, 1, 4, 2]",737
661,"[3, 0, 4, 2, 1]",150
662,"[3, 1, 0, 2, 4]",451
663,"[2, 1, 3, 4, 0]",1472
664,"[4, 1, 2, 0, 3]",3598
665,"[4, 2, 1, 3, 0]",967
666,"[0, 4, 2, 3, 1]",761
667,"[1, 4, 0, 2, 3]",548
668,"[4, 1, 0, 2, 3]",1271
669,"[3, 0, 2, 1, 4]",793
670,"[3, 4, 2, 1, 0]",259
671,"[0, 3, 4, 1, 2]",884
672,"[2, 0, 3, 4, 1]",428
673,"[1, 4, 0, 2, 3]",937
674,"[2, 1, 3, 4, 0]",1801
675,"[4, 1, 3, 2, 0]",147
676,"[4, 1, 3, 2, 0]",689
677,"[1, 2, 3, 0, 4]",780
678,"[0, 1, 3, 2, 4]",2335
679,"[3, 4, 1, 2, 0]",905
680,"[0, 3, 2, 1, 4]",160
681,"[0, 2, 3, 1, 4]",2707
682,"[1, 2, 0, 4, 3]",544
683,"[4, 1, 2, 3, 0]",233
684,"[1, 0, 4, 2, 3]",955
685,"[1, 3, 2, 4, 0]",1750
686,"[1, 2, 0, 3, 4]",1333
687,"[3, 1, 4, 2, 0]",153
688,"[3, 1, 2, 0, 4]",395
689,"[1, 2, 4, 3, 0]",567
690,"[3, 1, 4, 0, 2]",501
691,"[4, 3, 1, 0, 2]",350
692,"[2, 0, 4, 1, 3]",491
693,"[2, 1, 3, 4, 0]",977
694,"[0, 1, 2, 4, 3]",422
695,"[0, 4, 3, 1, 2]",849
696,"[3, 4, 1, 0, 2]",1191
697,"[0, 3, 2, 1, 4]",1504
698,"[1, 0, 4, 2, 3]",1282
699,"[1, 2, 4, 3, 0]",771
700,"[1, 0, 3, 4, 2]",1317
701,"[4, 0, 3, 1, 2]",529
702,"[4, 3, 0, 2, 1]",2041
703,"[1, 2, 0, 4, 3]",424
704,"[0, 3, 2, 1, 4]",472
705,"[0, 4, 1, 3, 2]",1468
706,"[4, 2, 1, 3, 0]",1644
707,"[1, 0, 2, 4, 3]",1093
708,"[3, 1, 4, 2, 0]",3256
709,"[1, 2, 0, 4, 3]",1942
710,"[3, 0, 4, 1, 2]",3408
711,"[3, 2, 1, 4, 0]",3501
712,"[1, 3, 4, 2, 0]",280
713,"[1, 2, 3, 4, 0]",803
714,"[2, 1, 0, 3, 4]",1122
715,"[4, 0, 3, 2, 1]",152
716,"[3, 1, 4, 2, 0]",353
717,"[3, 4, 0, 2, 1]",175
718,"[0, 3, 2, 4, 1]",664
719,"[4, 1, 3, 2, 0]",315
720,"[2, 4, 0, 1, 3]",1971
721,"[0, 4, 2, 3, 1]",411
722,"[1, 3, 2, 4, 0]",855
723,"[4, 3, 1, 0, 2]",3273
724,"[2, 1, 3, 0, 4]",1381
725,"[3, 1, 4, 2, 0]",137
726,"[3, 0, 2, 1, 4]",757
727,"[3, 1, 2, 4, 0]",877
728,"[0, 2, 1, 4, 3]",1731
729,"[2, 0, 4, 3, 1]",827
730,"[3, 1, 2, 4, 0]",721
731,"[0, 4, 2, 1, 3]",1421
732,"[2, 3, 0, 1, 4]",1347
733,"[0, 3, 4, 2, 1]",1282
734,"[0, 2, 4, 3, 1]",626
735,"[0, 3, 4, 1, 2]",1223
736,"[4, 2, 1, 0, 3]",1051
737,"[4, 2, 1, 0, 3]",345
738,"[1, 2, 4, 3, 0]",407
739,"[1, 3, 2, 4, 0]",1637
740,"[2, 1, 4, 3, 0]",247
741,"[1, 0, 3, 2, 4]",2267
742,"[0, 2, 3, 4, 1]",718
743,"[3, 0, 4, 1, 2]",209
744,"[1, 3, 2, 0, 4]",1161
745,"[3, 4, 1, 0, 2]",792
746,"[1, 4, 0, 3, 2]",804
747,"[3, 4, 1, 2, 0]",614
748,"[3, 0, 4, 1, 2]",1042
749,"[3, 0, 2, 4, 1]",1029
750,"[2, 4, 0, 3, 1]",1918
751,"[4, 0, 2, 1, 3]",992
752,"[1, 2, 3, 0, 4]",878
753,"[1, 4, 0, 2, 3]",1951
754,"[2, 0, 4, 1, 3]",793
755,"[0, 2, 4, 3, 1]",196
756,"[1, 3, 2, 4, 0]",732
757,"[2, 1, 0, 3, 4]",1190
758,"[4, 1, 2, 0, 3]",746
759,"[3, 0, 4, 1, 2]",678
760,"[4, 3, 2, 0, 1]",1456
761,"[4, 0, 2, 3, 1]",1812
762,"[3, 4, 0, 2, 1]",86
763,"[3, 4, 0, 1, 2]",646
764,"[0, 3, 2, 4, 1]",713
765,"[0, 2, 3, 4, 1]",524
766,"[0, 3, 4, 1, 2]",2036
767,"[0, 3, 1, 4, 2]",876
768,"[0, 3, 2, 4, 1]",486
769,"[4, 3, 0, 1, 2]",455
770,"[4, 2, 0, 1, 3]",2819
771,"[4, 1, 3, 2, 0]",801
772,"[4, 1, 0, 3, 2]",1924
773,"[0, 4, 3, 1, 2]",176
774,"[2, 1, 0, 4, 3]",1507
775,"[1, 2, 4, 3, 0]",1173
776,"[1, 0, 4, 2, 3]",394
777,"[3, 4, 2, 0, 1]",481
778,"[2, 3, 0, 4, 1]",320
779,"[0, 4, 3, 1, 2]",808
780,"[2, 4, 3, 1, 0]",1039
781,"[2, 1, 0, 3, 4]",642
782,"[0, 3, 4, 1, 2]",1759
783,"[3, 0, 1, 2, 4]",2095
784,"[0, 3, 2, 1, 4]",1116
785,"[1, 2, 4, 3, 0]",1760
786,"[3, 4, 0, 1, 2]",161
787,"[0, 1, 4, 3, 2]",409
788,"[2, 4, 1, 3, 0]",1651
789,"[0, 4, 3, 1, 2]",758
790,"[4, 0, 1, 3, 2]",2587
791,"[4, 2, 3, 1, 0]",198
792,"[4, 0, 1, 2, 3]",730
793,"[4, 3, 0, 1, 2]",237
794,"[3, 2, 4, 0, 1]",2949
795,"[2, 4, 1, 0, 3]",3472
796,"[1, 2, 3, 0, 4]",1385
797,"[3, 1, 4, 2, 0]",282
798,"[0, 2, 4, 1, 3]",510
799,"[1, 2, 4, 0, 3]",829
800,"[0, 1, 2, 3, 4]",465
801,"[0, 1, 3, 2, 4]",1256
802,"[1, 2, 3, 0, 4]",966
803,"[0, 1, 2, 3, 4]",1798
804,"[3, 4, 0, 2, 1]",352
805,"[2, 4, 3, 0, 1]",442
806,"[2, 1, 4, 0, 3]",758
807,"[1, 2, 4, 3, 0]",786
808,"[1, 0, 3, 4, 2]",405
809,"[3, 4, 2, 0, 1]",643
810,"[4, 2, 1, 0, 3]",396
811,"[3, 1, 4, 2, 0]",1062
812,"[4, 0, 3, 1, 2]",721
813,"[3, 1, 4, 0, 2]",429
814,"[4, 0, 3, 1, 2]",1134
815,"[0, 1, 4, 3, 2]",257
816,"[4, 0, 3, 1, 2]",344
817,"[0, 4, 2, 3, 1]",1768
818,"[1, 0, 3, 4, 2]",99
819,"[3, 1, 4, 0, 2]",348
820,"[1, 0, 3, 2, 4]",5342
821,"[1, 2, 4, 0, 3]",262
822,"[1, 2, 4, 3, 0]",152
823,"[1, 3, 0, 4, 2]",528
824,"[1, 0, 2, 4, 3]",2072
825,"[3, 4, 0, 2, 1]",1054
826,"[2, 1, 3, 4, 0]",915
827,"[2, 4, 0, 3, 1]",5780
828,"[1, 4, 2, 3, 0]",960
829,"[3, 2, 4, 1, 0]",1097
830,"[0, 2, 1, 3, 4]",1068
831,"[3, 2, 1, 4, 0]",403
832,"[3, 0, 4, 2, 1]",525
833,"[2, 1, 0, 4, 3]",1374
834,"[3, 0, 2, 1, 4]",1923
835,"[2, 0, 4, 1, 3]",930
836,"[3, 0, 2, 4, 1]",608
837,"[3, 1, 2, 4, 0]",836
838,"[2, 1, 4, 0, 3]",463
839,"[1, 2, 0, 4, 3]",1112
840,"[4, 3, 1, 2, 0]",373
841,"[2, 1, 0, 4, 3]",726
842,"[0, 4, 3, 1, 2]",417
843,"[3, 2, 1, 4, 0]",456
844,"[4, 3, 1, 2, 0]",327
845,"[3, 2, 4, 0, 1]",1805
846,"[3, 4, 2, 0, 1]",1189
847,"[0, 3, 1, 4, 2]",505
848,"[4, 3, 2, 0, 1]",1256
849,"[2, 4, 3, 0, 1]",201
850,"[3, 0, 4, 2, 1]",1391
851,"[4, 0, 3, 2, 1]",2271
852,"[4, 1, 3, 2, 0]",950
853,"[2, 3, 4, 0, 1]",2286
854,"[0, 2, 1, 3, 4]",272
855,"[2, 1, 4, 3, 0]",370
856,"[2, 4, 0, 3, 1]",1662
857,"[1, 0, 4, 2, 3]",555
858,"[1, 3, 4, 2, 0]",477
859,"[1, 3, 0, 4, 2]",694
860,"[2, 4, 0, 3, 1]",166
861,"[4, 0, 3, 1, 2]",776
862,"[3, 0, 1, 2, 4]",767
863,"[1, 0, 4, 2, 3]",720
864,"[1, 4, 2, 3, 0]",1737
865,"[0, 4, 2, 3, 1]",1033
866,"[3, 4, 1, 2, 0]",997
867,"[2, 0, 3, 4, 1]",978
868,"[2, 1, 0, 3, 4]",1146
869,"[1, 2, 0, 4, 3]",400
870,"[1, 3, 2, 4, 0]",711
871,"[0, 3, 4, 2, 1]",1568
872,"[4, 0, 2, 3, 1]",197
873,"[0, 3, 1, 4, 2]",2434
874,"[3, 2, 0, 4, 1]",1535
875,"[0, 4, 1, 2, 3]",288
876,"[2, 0, 3, 4, 1]",1734
877,"[1, 3, 0, 2, 4]",1012
878,"[4, 0, 2, 3, 1]",731
879,"[0, 3, 4, 2, 1]",884
880,"[2, 3, 4, 1, 0]",1049
881,"[3, 0, 4, 1, 2]",1569
882,"[0, 1, 4, 3, 2]",1406
883,"[3, 4, 2, 1, 0]",260
884,"[3, 2, 4, 1, 0]",152
885,"[4, 0, 1, 3, 2]",833
886,"[3, 2, 0, 4, 1]",339
887,"[2, 1, 4, 3, 0]",1890
888,"[0, 3, 4, 2, 1]",1238
889,"[0, 2, 1, 3, 4]",1062
890,"[3, 2, 1, 4, 0]",2668
891,"[1, 0, 4, 2, 3]",1535
892,"[0, 4, 2, 3, 1]",1599
893,"[4, 2, 3, 0, 1]",3262
894,"[3, 2, 0, 4, 1]",1314
895,"[2, 3, 1, 4, 0]",644
896,"[0, 2, 4, 3, 1]",703
897,"[2, 3, 1, 4, 0]",593
898,"[1, 4, 0, 3, 2]",1786
899,"[3, 1, 2, 0, 4]",1814
900,"[1, 2, 3, 4, 0]",679
901,"[3, 4, 2, 1, 0]",1673
902,"[0, 1, 4, 2, 3]",602
903,"[1, 0, 2, 3, 4]",600
904,"[1, 0, 2, 3, 4]",279
905,"[4, 1, 2, 3, 0]",584
906,"[0, 1, 3, 2, 4]",1298
907,"[1, 4, 2, 0, 3]",382
908,"[3, 2, 1, 4, 0]",3592
909,"[3, 4, 1, 2, 0]",400
910,"[2, 4, 3, 1, 0]",271
911,"[3, 4, 1, 2, 0]",346
912,"[1, 2, 4, 0, 3]",193
913,"[2, 1, 4, 3, 0]",268
914,"[1, 4, 3, 2, 0]",1129
915,"[4, 2, 0, 1, 3]",855
916,"[0, 3, 4, 1, 2]",322
917,"[2, 0, 4, 3, 1]",1855
918,"[1, 2, 3, 0, 4]",724
919,"[1, 3, 2, 0, 4]",197
920,"[0, 3, 1, 4, 2]",1341
921,"[1, 4, 3, 0, 2]",740
922,"[4, 3, 0, 1, 2]",1175
923,"[0, 2, 3, 1, 4]",2633
924,"[3, 4, 1, 2, 0]",521
925,"[3, 1, 2, 4, 0]",771
926,"[4, 1, 0, 2, 3]",685
927,"[3, 2, 4, 1, 0]",1134
928,"[4, 0, 1, 2, 3]",1490
929,"[4, 2, 3, 1, 0]",1099
930,"[2, 3, 1, 0, 4]",518
931,"[1, 3, 2, 4, 0]",1430
932,"[0, 3, 1, 4, 2]",708
933,"[2, 4, 0, 1, 3]",214
934,"[4, 1, 0, 2, 3]",1457
935,"[3, 0, 2, 1, 4]",139
936,"[2, 4, 1, 3, 0]",442
937,"[0, 1, 2, 3, 4]",438
938,"[1, 2, 0, 4, 3]",887
939,"[4, 0, 3, 2, 1]",1966
940,"[4, 0, 2, 1, 3]",1565
941,"[2, 4, 1, 0, 3]",1152
942,"[4, 2, 0, 1, 3]",199
943,"[2, 1, 4, 3, 0]",687
944,"[0, 1, 2, 3, 4]",1090
945,"[3, 0, 4, 2, 1]",277
946,"[3, 2, 1, 0, 4]",707
947,"[2, 4, 1, 0, 3]",2117
948,"[3, 4, 1, 0, 2]",5045
949,"[4, 3, 2, 1, 0]",1328
950,"[0, 1, 4, 3, 2]",369
951,"[2, 0, 4, 1, 3]",788
952,"[4, 2, 3, 0, 1]",377
953,"[4, 0, 2, 1, 3]",1307
954,"[4, 3, 2, 1, 0]",802
955,"[1, 0, 2, 4, 3]",2206
956,"[2, 3, 4, 1, 0]",445
957,"[3, 4, 2, 1, 0]",168
958,"[1, 0, 4, 2, 3]",501
959,"[3, 2, 0, 1, 4]",3131
960,"[3, 2, 0, 1, 4]",1110
961,"[3, 1, 4, 2, 0]",1565
962,"[3, 4, 0, 2, 1]",570
963,"[3, 4, 0, 1, 2]",913
964,"[0, 3, 2, 1, 4]",829
965,"[2, 4, 1, 0, 3]",676
966,"[2, 3, 4, 0, 1]",1003
967,"[1, 0, 4, 2, 3]",990
968,"[0, 2, 4, 3, 1]",805
969,"[4, 3, 1, 0, 2]",1133
970,"[4, 0, 2, 1, 3]",269
971,"[3, 4, 2, 1, 0]",1480
972,"[4, 1, 3, 2, 0]",345
973,"[4, 0, 2, 3, 1]",359
974,"[0, 3, 1, 2, 4]",2568
975,"[2, 1, 3, 0, 4]",1004
976,"[1, 4, 2, 0, 3]",760
977,"[2, 1, 3, 4, 0]",756
978,"[4, 1, 0, 2, 3]",441
979,"[0, 4, 1, 2, 3]",1442
980,"[1, 3, 4, 2, 0]",2079
981,"[1, 3, 2, 4, 0]",223
982,"[4, 0, 2, 1, 3]",247
983,"[1, 3, 0, 2, 4]",594
984,"[3, 2, 4, 0, 1]",1282
985,"[4, 3, 1, 0, 2]",549
986,"[4, 3, 0, 2, 1]",804
987,"[3, 4, 0, 1, 2]",3050
988,"[4, 0, 2, 3, 1]",1029
989,"[1, 0, 4, 3, 2]",535
990,"[1, 4, 2, 3, 0]",1398
991,"[3, 0, 1, 4, 2]",2053
992,"[3, 2, 0, 4, 1]",1710
993,"[1, 4, 2, 0, 3]",829
994,"[2, 4, 1, 3, 0]",1839
995,"[1, 2, 0, 4, 3]",1307
996,"[4, 3, 1, 2, 0]",615
997,"[4, 3, 2, 0, 1]",325
998,"[0, 2, 3, 1, 4]",258
999,"[0, 4, 1, 3, 2]",987
